nam,track,dat,genre,imag
Esperanza Spalding,Formwela 4,2021-09-30 09:06:36.333,electric bass,https://i.scdn.co/image/ab67616d0000b273d8876e668069f2ca26ad6722
Esperanza Spalding,Formwela 1,2021-09-30 09:17:24.598,electric bass,https://i.scdn.co/image/ab67616d0000b273d8876e668069f2ca26ad6722
Thundercat,A Fan's Mail (Tron Song Suite II),2021-09-30 12:43:53.197,afrofuturism,https://i.scdn.co/image/ab67616d0000b27385c5e6c686ced3e43bae2748
Thundercat,Them Changes,2021-09-30 12:47:02.106,afrofuturism,https://i.scdn.co/image/ab67616d0000b27385c5e6c686ced3e43bae2748
Shobaleader One,Iambic 5 Poetry,2021-09-30 12:52:39.631,drill and bass,https://i.scdn.co/image/ab67616d0000b273404a9ff028582e85e0ca60f9
The Reign of Kindo,"The Hero, The Saint, The Tyrant, & The Terrorist",2021-09-30 12:57:29.637,piano rock,https://i.scdn.co/image/ab67616d0000b273db4236085bb883e7b582c6a3
Plini,Flâneur (feat. Anomalie),2021-09-30 13:03:30.173,djent,https://i.scdn.co/image/ab67616d0000b2730f8dd54b8e12aa41ebac70f6
jizue,atom,2021-09-30 13:07:40.807,japanese jazz fusion,https://i.scdn.co/image/ab67616d0000b273bd7780f0208d7d0e59157299
Garaj Mahal,Mondo Garaj,2021-09-30 13:13:14.615,jam band,https://i.scdn.co/image/ab67616d0000b27375442924afc3e62f7636427e
SEATBELTS,TANK! Virtual Session 2020,2021-09-30 13:22:00.997,none,https://i.scdn.co/image/ab67616d0000b273270897ecc14d9ec7a4fb51a7
Deerhoof,Your Dystopic Creation Doesn't Fear You,2021-09-30 13:24:56.676,art pop,https://i.scdn.co/image/ab67616d0000b273717b04bd9d3f1a101e7fb7da
leon chang,noodle cove,2021-09-30 13:27:27.240,lo-fi vgm,https://i.scdn.co/image/ab67616d0000b273a51216e2d5b2b62b8bf0ef56
Great Time,Rushin',2021-09-30 13:31:15.455,none,https://i.scdn.co/image/ab67616d0000b2730a008417ddb0e6c1522720e9
The Claypool Lennon Delirium,"Blood and Rockets - Movement I, Saga of Jack Parsons - Movement II, Too The Moon",2021-09-30 13:37:45.685,neo-psychedelic,https://i.scdn.co/image/ab67616d0000b273fd9d1ba5193419dfc75aadc2
El Tigr3,Infanticide,2021-09-30 13:42:47.128,dark clubbing,https://i.scdn.co/image/ab67616d0000b27372c83590fb2dbd9d9c676ce9
Asako Toki,Fried Noodles,2021-09-30 13:48:42.985,japanese jazz fusion,https://i.scdn.co/image/ab67616d0000b273e145a5292c9dfdf70de517e9
jizue,atom,2021-09-30 14:07:18.215,japanese jazz fusion,https://i.scdn.co/image/ab67616d0000b273bd7780f0208d7d0e59157299
Garaj Mahal,Mondo Garaj,2021-09-30 14:12:52.110,jam band,https://i.scdn.co/image/ab67616d0000b27375442924afc3e62f7636427e
SEATBELTS,TANK! Virtual Session 2020,2021-09-30 14:16:32.889,none,https://i.scdn.co/image/ab67616d0000b273270897ecc14d9ec7a4fb51a7
Deerhoof,Your Dystopic Creation Doesn't Fear You,2021-09-30 14:19:28.517,art pop,https://i.scdn.co/image/ab67616d0000b273717b04bd9d3f1a101e7fb7da
leon chang,noodle cove,2021-09-30 14:21:59.086,lo-fi vgm,https://i.scdn.co/image/ab67616d0000b273a51216e2d5b2b62b8bf0ef56
Great Time,Rushin',2021-09-30 14:25:47.278,none,https://i.scdn.co/image/ab67616d0000b2730a008417ddb0e6c1522720e9
The Claypool Lennon Delirium,"Blood and Rockets - Movement I, Saga of Jack Parsons - Movement II, Too The Moon",2021-09-30 14:32:17.541,neo-psychedelic,https://i.scdn.co/image/ab67616d0000b273fd9d1ba5193419dfc75aadc2
El Tigr3,Infanticide,2021-09-30 14:37:18.994,dark clubbing,https://i.scdn.co/image/ab67616d0000b27372c83590fb2dbd9d9c676ce9
Asako Toki,Fried Noodles,2021-09-30 14:55:57.550,japanese jazz fusion,https://i.scdn.co/image/ab67616d0000b273e145a5292c9dfdf70de517e9
Otoboke Beaver,S'il vous plait,2021-09-30 14:58:13.290,j-punk,https://i.scdn.co/image/ab67616d0000b2732c96d9855d5d448df661c4c8
Frank Zappa,Zomby Woof,2021-09-30 15:03:23.893,album rock,https://i.scdn.co/image/ab67616d0000b27333cbb9723360ae61e33ec302
Myrone,Play the Space Dude,2021-09-30 15:13:15.154,nightrun,https://i.scdn.co/image/ab67616d0000b273d4de7c38a45789f6887e58d6
Otoboke Beaver,Don't light my fire,2021-09-30 15:15:32.434,j-punk,https://i.scdn.co/image/ab67616d0000b2732c96d9855d5d448df661c4c8
The Brotet,Shiki No Uta,2021-09-30 15:21:55.884,none,https://i.scdn.co/image/ab67616d0000b2736b540886ef9bd8a30abab30e
Louis Cole,Thinking - Live Sesh,2021-09-30 15:26:07.083,la pop,https://i.scdn.co/image/ab67616d0000b2733e17167dc4f13bf3c7dc1bce
CASIOPEA,Galactic Funk,2021-09-30 15:31:32.495,japanese jazz,https://i.scdn.co/image/ab67616d0000b27358c45a673cb0d446a123166a
Ronald Jenkees,Arp Island,2021-09-30 15:35:40.106,none,https://i.scdn.co/image/ab67616d0000b273f711d2bba1597631de553f30
Challenger Deep,Immersive,2021-09-30 15:39:48.827,instrumental math rock,https://i.scdn.co/image/ab67616d0000b273bbc84c8bc179692d6683065e
Ronald Jenkees,Rhodes Deep,2021-09-30 15:43:55.931,none,https://i.scdn.co/image/ab67616d0000b273f711d2bba1597631de553f30
Wintergatan,Tornado,2021-09-30 15:47:27.693,folktronica,https://i.scdn.co/image/ab67616d0000b27323fb6fde7aca0dee0acfeb65
Lettuce,The Force,2021-09-30 15:51:10.150,funk,https://i.scdn.co/image/ab67616d0000b273bf230632b5d6436c5894ca38
fox capture plan,the last story of the myth,2021-09-30 15:54:19.165,japanese jazz fusion,https://i.scdn.co/image/ab67616d0000b273fd0655e3d079a6830c27298f
Tera Melos,Trash Generator,2021-09-30 16:01:12.336,instrumental math rock,https://i.scdn.co/image/ab67616d0000b273a508f0d59fc7e9ba2a106e0a
The Breathing Effect,Cold Meteor Showers,2021-09-30 16:07:52.491,psychedelic jazz fusion,https://i.scdn.co/image/ab67616d0000b2733e9b2b61d35954a8de06328b
Plini,Flâneur (feat. Anomalie),2021-09-30 16:13:51.657,djent,https://i.scdn.co/image/ab67616d0000b2730f8dd54b8e12aa41ebac70f6
jizue,atom,2021-09-30 16:18:02.248,japanese jazz fusion,https://i.scdn.co/image/ab67616d0000b273bd7780f0208d7d0e59157299
Garaj Mahal,Mondo Garaj,2021-09-30 16:23:36.073,jam band,https://i.scdn.co/image/ab67616d0000b27375442924afc3e62f7636427e
SEATBELTS,TANK! Virtual Session 2020,2021-09-30 16:27:16.757,none,https://i.scdn.co/image/ab67616d0000b273270897ecc14d9ec7a4fb51a7
Deerhoof,Your Dystopic Creation Doesn't Fear You,2021-09-30 16:30:12.492,art pop,https://i.scdn.co/image/ab67616d0000b273717b04bd9d3f1a101e7fb7da
leon chang,noodle cove,2021-09-30 16:32:43.020,lo-fi vgm,https://i.scdn.co/image/ab67616d0000b273a51216e2d5b2b62b8bf0ef56
Shobaleader One,The Swifty,2021-09-30 16:42:38.269,drill and bass,https://i.scdn.co/image/ab67616d0000b273404a9ff028582e85e0ca60f9
Shobaleader One,Coopers World,2021-09-30 16:48:07.324,drill and bass,https://i.scdn.co/image/ab67616d0000b273404a9ff028582e85e0ca60f9
Mort Garson,Space Walker,2021-09-30 16:57:39.037,canadian psychedelic,https://i.scdn.co/image/ab67616d0000b27398d1155455987594116ca49d
Seb Zillner,Shine,2021-09-30 17:00:59.224,lo-fi jazzhop,https://i.scdn.co/image/ab67616d0000b273f30f55fdbcd8ef5ddba19f69
Thelonious Monk,Thelonius,2021-09-30 17:04:17.332,bebop,https://i.scdn.co/image/ab67616d0000b273f9e0a27107f01f48d586f373
EMEFE,Sun Spat,2021-09-30 17:08:22.701,instrumental funk,https://i.scdn.co/image/ab67616d0000b273f150daff94c726617b4c6220
Chris Christodoulou,Now I Am Become Death,2021-09-30 17:13:17.763,indie game soundtrack,https://i.scdn.co/image/ab67616d0000b2730dd0a68edf7d1d9fb270bdc5
your best friend jippy,[05] PRETTY BANGLES,2021-09-30 17:14:29.118,none,https://i.scdn.co/image/ab67616d0000b273cfc0e077f25956dd081f2a8a
Psychedelic Porn Crumpets,Dependant on Mary,2021-09-30 17:19:16.995,australian garage punk,https://i.scdn.co/image/ab67616d0000b27345e38873f1662dab9f5bba04
Jacob Collier,With The Love In My Heart,2021-09-30 17:26:06.233,indie soul,https://i.scdn.co/image/ab67616d0000b273743022e9c8fb580e3dabc397
insaneintherainmusic,"Pigstep (From ""Minecraft"")",2021-09-30 17:32:08.492,otacore,https://i.scdn.co/image/ab67616d0000b273aa03f00200d7cee104986991
ZOMBIE-CHANG,Lemonade,2021-09-30 17:36:51.515,j-indie,https://i.scdn.co/image/ab67616d0000b273db5f969f6fb5c68bf2d56faa
Esperanza Spalding,Formwela 2 [Feat. Ganavya],2021-09-30 17:59:52.560,electric bass,https://i.scdn.co/image/ab67616d0000b273d8876e668069f2ca26ad6722
Esperanza Spalding,Formwela 3,2021-09-30 18:06:58.808,electric bass,https://i.scdn.co/image/ab67616d0000b273d8876e668069f2ca26ad6722
Esperanza Spalding,Formwela 4,2021-09-30 18:19:45.143,electric bass,https://i.scdn.co/image/ab67616d0000b273d8876e668069f2ca26ad6722
Led Zeppelin,Stairway to Heaven - Remaster,2021-09-30 18:32:39.847,album rock,https://i.scdn.co/image/ab67616d0000b273c8a11e48c91a982d086afc69
Steven Wilson,Luminol - Live,2021-09-30 18:37:12.528,art rock,https://i.scdn.co/image/ab67616d0000b2733a37c1a734f7d05e02fb20e0
The Doors,Riders on the Storm,2021-09-30 18:47:57.038,acid rock,https://i.scdn.co/image/ab67616d0000b27320783882533e669760741df2
Esperanza Spalding,Formwela 1,2021-10-01 19:21:03.327,electric bass,https://i.scdn.co/image/ab67616d0000b273d8876e668069f2ca26ad6722
Kiltro,Curicó,2021-10-01 19:50:08.192,none,https://i.scdn.co/image/ab67616d0000b2733003515eb745f18d09b4206f
Daikaiju,Attack of the Crab Women,2021-10-01 19:53:26.178,surf music,https://i.scdn.co/image/ab67616d0000b273494612456a2346fdf7af2f94
Shinjuku Mad,Resistor,2021-10-01 19:56:31.923,canadian post-punk,https://i.scdn.co/image/ab67616d0000b2730cb555362c4087379b71a735
Daikaiju,Attack of the Crab Women,2021-10-01 20:09:34.228,surf music,https://i.scdn.co/image/ab67616d0000b273494612456a2346fdf7af2f94
Shinjuku Mad,Resistor,2021-10-01 20:12:40.359,canadian post-punk,https://i.scdn.co/image/ab67616d0000b2730cb555362c4087379b71a735
Kashmere Stage Band,All Praises,2021-10-01 20:18:02.375,deep funk,https://i.scdn.co/image/ab67616d0000b2734f5d03bf896adc807260f1a1
The Mattson 2,Wavelength,2021-10-01 20:18:54.412,instrumental funk,https://i.scdn.co/image/ab67616d0000b27339c8faf1e0f147de8931ba6f
72-HOUR POST FIGHT,NOT,2021-10-01 20:36:51.783,milan indie,https://i.scdn.co/image/ab67616d0000b273b872d9af7f06aee3618e2a23
Daikaiju,Attack of the Crab Women,2021-10-02 09:10:03.466,surf music,https://i.scdn.co/image/ab67616d0000b273494612456a2346fdf7af2f94
Claude Debussy,Prélude à l'après-midi d'un faune,2021-10-02 09:46:40.540,classical,https://i.scdn.co/image/ab67616d0000b273a8c0badd2b044c98b103ef10
Nai Palm,Atari,2021-10-02 11:35:08.161,alternative r&b,https://i.scdn.co/image/ab67616d0000b273340315da78e1e41dd69439b8
Nai Palm,Crossfire / So Into You,2021-10-02 11:39:35.844,alternative r&b,https://i.scdn.co/image/ab67616d0000b273340315da78e1e41dd69439b8
Nai Palm,Haiku,2021-10-02 11:41:51.691,alternative r&b,https://i.scdn.co/image/ab67616d0000b273340315da78e1e41dd69439b8
Nai Palm,Mobius,2021-10-02 11:47:27.990,alternative r&b,https://i.scdn.co/image/ab67616d0000b273340315da78e1e41dd69439b8
Nai Palm,Molasses,2021-10-02 11:52:42.652,alternative r&b,https://i.scdn.co/image/ab67616d0000b273340315da78e1e41dd69439b8
Nai Palm,Have You Ever Been (To Electric Ladyland),2021-10-02 11:57:02.578,alternative r&b,https://i.scdn.co/image/ab67616d0000b273340315da78e1e41dd69439b8
Nai Palm,Atoll,2021-10-02 11:59:29.397,alternative r&b,https://i.scdn.co/image/ab67616d0000b273340315da78e1e41dd69439b8
Nai Palm,When the Knife,2021-10-02 12:04:24.849,alternative r&b,https://i.scdn.co/image/ab67616d0000b273340315da78e1e41dd69439b8
Nai Palm,Blackstar / Pyramid Song / Breathing Underwater (feat. Amadou Suso),2021-10-02 12:13:35.315,alternative r&b,https://i.scdn.co/image/ab67616d0000b273340315da78e1e41dd69439b8
Nai Palm,Borderline with My Atoms,2021-10-02 12:20:02.361,alternative r&b,https://i.scdn.co/image/ab67616d0000b273340315da78e1e41dd69439b8
Nai Palm,Homebody,2021-10-02 12:23:59.414,alternative r&b,https://i.scdn.co/image/ab67616d0000b273340315da78e1e41dd69439b8
Nai Palm,Wititj (Lightning Snake) Pt. 2 (feat. Jason Guwanbal Gurruwiwi),2021-10-02 12:25:48.525,alternative r&b,https://i.scdn.co/image/ab67616d0000b273340315da78e1e41dd69439b8
Alfa Mist,Brian,2021-10-02 12:28:23.267,british jazz,https://i.scdn.co/image/ab67616d0000b2735d46b069ef33382b235b296a
Raveena,Hypnosis,2021-10-02 12:29:59.139,alternative r&b,https://i.scdn.co/image/ab67616d0000b273825d2628545eaea03bf9672f
Nai Palm,Homebody,2021-10-02 12:33:56.799,alternative r&b,https://i.scdn.co/image/ab67616d0000b273340315da78e1e41dd69439b8
Mr Jukes,Grant Green,2021-10-02 12:37:20.019,british soul,https://i.scdn.co/image/ab67616d0000b2736399259ee912d732221b722f
Hiatus Kaiyote,Red Room,2021-10-02 12:41:12.304,australian r&b,https://i.scdn.co/image/ab67616d0000b27303779e10dc45b4dc78fb5302
Fat Night,Sun Go Down,2021-10-02 12:44:55.871,funk,https://i.scdn.co/image/ab67616d0000b27346ca648c2783023acdd56a28
Alfa Mist,No Peace,2021-10-02 12:48:39.485,british jazz,https://i.scdn.co/image/ab67616d0000b2732d00df9354219955f48493d6
Patrick Paige II,Whisper (Want My Luv),2021-10-02 12:52:29.488,alternative r&b,https://i.scdn.co/image/ab67616d0000b273f7699501345aee6db278d5fc
Nai Palm,Have You Ever Been (To Electric Ladyland),2021-10-02 12:56:48.859,alternative r&b,https://i.scdn.co/image/ab67616d0000b273340315da78e1e41dd69439b8
Yazmin Lacey,Morning Sunrise,2021-10-02 13:09:37.180,alternative r&b,https://i.scdn.co/image/ab67616d0000b273f1177c4602cf65b8f7473722
Butcher Babies,Burn the Straw Man,2021-10-02 16:42:31.368,groove metal,https://i.scdn.co/image/ab67616d0000b2739c7b3129eac2238727993041
Butcher Babies,Lilith,2021-10-02 17:03:38.560,groove metal,https://i.scdn.co/image/ab67616d0000b2739c7b3129eac2238727993041
Metallica,"Broken, Beat & Scarred",2021-10-02 17:25:14.181,hard rock,https://i.scdn.co/image/ab67616d0000b273f5802466e1bc84cdf51d97e2
Metallica,The Day That Never Comes,2021-10-02 17:33:10.328,hard rock,https://i.scdn.co/image/ab67616d0000b273f5802466e1bc84cdf51d97e2
System Of A Down,Soldier Side - Intro,2021-10-02 17:35:54.465,alternative metal,https://i.scdn.co/image/ab67616d0000b273c65f8d04502eeddbdd61fa71
System Of A Down,B.Y.O.B.,2021-10-02 17:40:09.915,alternative metal,https://i.scdn.co/image/ab67616d0000b273c65f8d04502eeddbdd61fa71
System Of A Down,Revenga,2021-10-02 17:43:57.952,alternative metal,https://i.scdn.co/image/ab67616d0000b273c65f8d04502eeddbdd61fa71
System Of A Down,Cigaro,2021-10-02 17:46:09.557,alternative metal,https://i.scdn.co/image/ab67616d0000b273c65f8d04502eeddbdd61fa71
System Of A Down,Radio/Video,2021-10-02 17:50:18.748,alternative metal,https://i.scdn.co/image/ab67616d0000b273c65f8d04502eeddbdd61fa71
System Of A Down,This Cocaine Makes Me Feel Like I'm On This Song,2021-10-02 17:52:27.075,alternative metal,https://i.scdn.co/image/ab67616d0000b273c65f8d04502eeddbdd61fa71
System Of A Down,Violent Pornography,2021-10-02 17:55:58.239,alternative metal,https://i.scdn.co/image/ab67616d0000b273c65f8d04502eeddbdd61fa71
System Of A Down,Question!,2021-10-02 17:59:18.831,alternative metal,https://i.scdn.co/image/ab67616d0000b273c65f8d04502eeddbdd61fa71
System Of A Down,Sad Statue,2021-10-02 18:02:44.626,alternative metal,https://i.scdn.co/image/ab67616d0000b273c65f8d04502eeddbdd61fa71
Otoboke Beaver,Don't light my fire,2021-10-02 18:06:47.585,j-punk,https://i.scdn.co/image/ab67616d0000b2732c96d9855d5d448df661c4c8
Haken,Puzzle Box,2021-10-02 18:17:24.234,djent,https://i.scdn.co/image/ab67616d0000b273323b4aa0576a1bc3801c0bc3
Haken,Veil,2021-10-02 18:30:00.130,djent,https://i.scdn.co/image/ab67616d0000b273323b4aa0576a1bc3801c0bc3
Liquid Tension Experiment,Paradigm Shift,2021-10-02 18:45:21.961,chapman stick,https://i.scdn.co/image/ab67616d0000b273b9e9300fa6ad779c7d58708a
Liquid Tension Experiment,Osmosis,2021-10-02 18:48:48.257,chapman stick,https://i.scdn.co/image/ab67616d0000b273b9e9300fa6ad779c7d58708a
Liquid Tension Experiment,Kindred Spirits,2021-10-02 18:55:17.801,chapman stick,https://i.scdn.co/image/ab67616d0000b273b9e9300fa6ad779c7d58708a
Liquid Tension Experiment,The Stretch,2021-10-02 18:57:18.704,chapman stick,https://i.scdn.co/image/ab67616d0000b273b9e9300fa6ad779c7d58708a
Liquid Tension Experiment,Freedom Of Speech,2021-10-02 19:06:37.965,chapman stick,https://i.scdn.co/image/ab67616d0000b273b9e9300fa6ad779c7d58708a
Liquid Tension Experiment,Chris And Kevin's Excellent Adventure,2021-10-02 19:08:59.865,chapman stick,https://i.scdn.co/image/ab67616d0000b273b9e9300fa6ad779c7d58708a
Liquid Tension Experiment,State Of Grace,2021-10-02 19:14:01.702,chapman stick,https://i.scdn.co/image/ab67616d0000b273b9e9300fa6ad779c7d58708a
Liquid Tension Experiment,Universal Mind,2021-10-02 19:21:54.862,chapman stick,https://i.scdn.co/image/ab67616d0000b273b9e9300fa6ad779c7d58708a
Liquid Tension Experiment,Three Minute Warning,2021-10-02 19:50:30.912,chapman stick,https://i.scdn.co/image/ab67616d0000b273b9e9300fa6ad779c7d58708a
Guthrie Govan,Wonderful Slippery Thing,2021-10-02 19:53:51.877,instrumental rock,https://i.scdn.co/image/ab67616d0000b273ec176bd330f9e9e87ab0a1e4
Destiny Potato,The Build Up,2021-10-02 19:56:37.494,djent,https://i.scdn.co/image/ab67616d0000b273fd43d7b251936b0c693a0246
Destiny Potato,Indifferent,2021-10-02 20:00:17.575,djent,https://i.scdn.co/image/ab67616d0000b273fd43d7b251936b0c693a0246
Destiny Potato,Take a Picture,2021-10-02 20:04:39.238,djent,https://i.scdn.co/image/ab67616d0000b273fd43d7b251936b0c693a0246
Destiny Potato,Machine,2021-10-02 20:06:54.771,djent,https://i.scdn.co/image/ab67616d0000b273fd43d7b251936b0c693a0246
Destiny Potato,Love Song,2021-10-02 20:11:51.927,djent,https://i.scdn.co/image/ab67616d0000b273fd43d7b251936b0c693a0246
Destiny Potato,Lunatic,2021-10-02 20:15:57.711,djent,https://i.scdn.co/image/ab67616d0000b273fd43d7b251936b0c693a0246
Destiny Potato,Walls of Thought,2021-10-02 20:20:09.871,djent,https://i.scdn.co/image/ab67616d0000b273fd43d7b251936b0c693a0246
Destiny Potato,Blue Sun,2021-10-02 20:24:25.473,djent,https://i.scdn.co/image/ab67616d0000b273fd43d7b251936b0c693a0246
Destiny Potato,U.Y.M.,2021-10-02 20:28:52.859,djent,https://i.scdn.co/image/ab67616d0000b273fd43d7b251936b0c693a0246
Destiny Potato,Lost Dream,2021-10-02 20:34:20.745,djent,https://i.scdn.co/image/ab67616d0000b273fd43d7b251936b0c693a0246
Destiny Potato,House of Lies,2021-10-02 20:38:20.566,djent,https://i.scdn.co/image/ab67616d0000b273fd43d7b251936b0c693a0246
Destiny Potato,Addict,2021-10-03 08:50:22.083,djent,https://i.scdn.co/image/ab67616d0000b273fd43d7b251936b0c693a0246
BIGYUKI,In a Spiral,2021-10-03 08:54:09.816,none,https://i.scdn.co/image/ab67616d0000b2738e7cb1bab669ceaf653fe021
Joomanji,Where Are You? (Love for JL) [feat. Copasetic & Lindsay Olsen],2021-10-03 08:58:29.312,indie jazz,https://i.scdn.co/image/ab67616d0000b273851467e066b7acf88f6fc05c
Jamiroquai,Cosmic Girl - Remastered,2021-10-03 09:02:27.498,dance pop,https://i.scdn.co/image/ab67616d0000b2736407aa9a5e5215cf554ad5d1
Jamiroquai,Virtual Insanity - Remastered,2021-10-03 09:06:16.246,dance pop,https://i.scdn.co/image/ab67616d0000b273a74a5b6bd1da601e629cf58f
Jamiroquai,Little L,2021-10-03 09:11:13.044,dance pop,https://i.scdn.co/image/ab67616d0000b273909ebb0c355f14d0ee7f9974
Jamiroquai,Cosmic Girl - Remastered,2021-10-03 09:22:24.382,dance pop,https://i.scdn.co/image/ab67616d0000b2736407aa9a5e5215cf554ad5d1
Snarky Puppy,Bigly Strictness,2021-10-03 09:39:33.305,contemporary jazz,https://i.scdn.co/image/ab67616d0000b273d130f8b7d4a46a1b4379e78b
Snarky Puppy,Coven,2021-10-03 09:46:11.416,contemporary jazz,https://i.scdn.co/image/ab67616d0000b273d130f8b7d4a46a1b4379e78b
Snarky Puppy,Bling Bling,2021-10-03 09:52:06.350,contemporary jazz,https://i.scdn.co/image/ab67616d0000b273d130f8b7d4a46a1b4379e78b
Snarky Puppy,Xavi,2021-10-03 10:01:38.334,contemporary jazz,https://i.scdn.co/image/ab67616d0000b273d130f8b7d4a46a1b4379e78b
Snarky Puppy,While We're Young,2021-10-03 10:04:19.333,contemporary jazz,https://i.scdn.co/image/ab67616d0000b273d130f8b7d4a46a1b4379e78b
Snarky Puppy,Bad Kids To The Back,2021-10-03 10:10:05.344,contemporary jazz,https://i.scdn.co/image/ab67616d0000b273d130f8b7d4a46a1b4379e78b
Snarky Puppy,Even Us,2021-10-03 10:20:39.949,contemporary jazz,https://i.scdn.co/image/ab67616d0000b273d130f8b7d4a46a1b4379e78b
Snarky Puppy,Sing to the Moon,2021-10-03 10:30:55.342,contemporary jazz,https://i.scdn.co/image/ab67616d0000b2737ae2a49af23557780916c301
Snarky Puppy,Don't You Know,2021-10-03 10:41:39.155,contemporary jazz,https://i.scdn.co/image/ab67616d0000b2737ae2a49af23557780916c301
Snarky Puppy,I Remember,2021-10-03 10:48:12.759,contemporary jazz,https://i.scdn.co/image/ab67616d0000b2737ae2a49af23557780916c301
Snarky Puppy,Somebody Home,2021-10-03 10:54:42.292,contemporary jazz,https://i.scdn.co/image/ab67616d0000b2737ae2a49af23557780916c301
Native Construct,Mute,2021-10-03 12:40:17.162,djent,https://i.scdn.co/image/ab67616d0000b27328e32ee7aa94ac26ba6cf004
Native Construct,The Spark of the Archon,2021-10-03 12:49:08.100,djent,https://i.scdn.co/image/ab67616d0000b27328e32ee7aa94ac26ba6cf004
Native Construct,Your Familiar Face,2021-10-03 12:58:10.250,djent,https://i.scdn.co/image/ab67616d0000b27328e32ee7aa94ac26ba6cf004
Haken,Pareidolia,2021-10-03 13:12:20.501,djent,https://i.scdn.co/image/ab67616d0000b273817a9af094d11b2b6936f0ba
Haken,Somebody,2021-10-03 13:21:21.060,djent,https://i.scdn.co/image/ab67616d0000b273817a9af094d11b2b6936f0ba
Haken,The Path Unbeaten,2021-10-03 13:23:33.252,djent,https://i.scdn.co/image/ab67616d0000b273817a9af094d11b2b6936f0ba
Haken,Nobody,2021-10-03 13:28:26.319,djent,https://i.scdn.co/image/ab67616d0000b273817a9af094d11b2b6936f0ba
Haken,Messiah Complex iii: Marigold,2021-10-03 13:30:51.317,djent,https://i.scdn.co/image/ab67616d0000b273774e1a80566840638170eab7
Kingcrow,The Moth,2021-10-03 13:35:14.007,italian progressive metal,https://i.scdn.co/image/ab67616d0000b273015af75f743cbb940846707b
Evergrey,Forever Outsider,2021-10-03 13:39:23.845,melodic metal,https://i.scdn.co/image/ab67616d0000b273a69ccc37cfb9f449c6d39774
Scale The Summit,Atlas Novus,2021-10-03 13:44:31.504,djent,https://i.scdn.co/image/ab67616d0000b273ec1d8cc0240bc358e98dca03
Thank You Scientist,Mr. Invisible,2021-10-03 13:52:07.488,progressive jazz fusion,https://i.scdn.co/image/ab67616d0000b2731c92b75b466f9a8982207fa5
Haken,Premonition - remastered 2017,2021-10-03 13:56:23.103,djent,https://i.scdn.co/image/ab67616d0000b2737e5fa8108d75ce9808af1d13
Devin Townsend,Daddy,2021-10-03 14:01:34.777,canadian metal,https://i.scdn.co/image/ab67616d0000b273542eccdde77fb44412d09fa6
Haken,The Path,2021-10-03 14:04:35.021,djent,https://i.scdn.co/image/ab67616d0000b273817a9af094d11b2b6936f0ba
Haken,Atlas Stone,2021-10-03 14:12:08.710,djent,https://i.scdn.co/image/ab67616d0000b273817a9af094d11b2b6936f0ba
Haken,Cockroach King,2021-10-03 14:20:23.236,djent,https://i.scdn.co/image/ab67616d0000b273817a9af094d11b2b6936f0ba
Metallica,"Broken, Beat & Scarred",2021-10-03 14:29:26.751,hard rock,https://i.scdn.co/image/ab67616d0000b273f5802466e1bc84cdf51d97e2
Metallica,"Broken, Beat & Scarred",2021-10-03 14:35:52.677,hard rock,https://i.scdn.co/image/ab67616d0000b273f5802466e1bc84cdf51d97e2
Shattered Skies,As the Sea Divides,2021-10-03 15:03:19.469,djent,https://i.scdn.co/image/ab67616d0000b273f6adcccab88ae18ab07b67d1
Absent Distance,Hyperwill Crisis,2021-10-03 15:07:10.071,djent,https://i.scdn.co/image/ab67616d0000b273f6adcccab88ae18ab07b67d1
Aevum Nova,Puerile,2021-10-03 15:10:56.559,instrumental djent,https://i.scdn.co/image/ab67616d0000b273f6adcccab88ae18ab07b67d1
Aleksandra Radosavljevic,Quark,2021-10-03 15:15:52.323,none,https://i.scdn.co/image/ab67616d0000b273f6adcccab88ae18ab07b67d1
Orion,Relatively Minor,2021-10-03 15:19:44.410,none,https://i.scdn.co/image/ab67616d0000b273f6adcccab88ae18ab07b67d1
Scartographer,Massevectu: The Purge,2021-10-03 15:24:00.348,instrumental djent,https://i.scdn.co/image/ab67616d0000b273f6adcccab88ae18ab07b67d1
Sithu Aye,Orion,2021-10-03 15:28:56.311,djent,https://i.scdn.co/image/ab67616d0000b273f6adcccab88ae18ab07b67d1
When Giants Collide,Codename 47,2021-10-03 15:32:05.185,none,https://i.scdn.co/image/ab67616d0000b273f6adcccab88ae18ab07b67d1
Hord,Subdued Voices,2021-10-03 15:37,cyber metal,https://i.scdn.co/image/ab67616d0000b273f6adcccab88ae18ab07b67d1
Ever Forthright,All Eyes On the Earth,2021-10-03 15:43:11.558,djent,https://i.scdn.co/image/ab67616d0000b273f6adcccab88ae18ab07b67d1
Nociceptor,Pornoholocaust,2021-10-03 15:49:06.013,djent,https://i.scdn.co/image/ab67616d0000b273f6adcccab88ae18ab07b67d1
Subversion,Treason,2021-10-03 15:53:08.212,none,https://i.scdn.co/image/ab67616d0000b273f6adcccab88ae18ab07b67d1
Goodthink,Colorblind,2021-10-03 15:59:05.297,instrumental djent,https://i.scdn.co/image/ab67616d0000b273f6adcccab88ae18ab07b67d1
Shattered Skies,Attrition,2021-10-03 16:04:04.115,djent,https://i.scdn.co/image/ab67616d0000b273f6adcccab88ae18ab07b67d1
Sithu Aye,Arrow + Knee = Adventure Over,2021-10-03 16:08:44.302,djent,https://i.scdn.co/image/ab67616d0000b273f6adcccab88ae18ab07b67d1
Annex Theory,Process Existence,2021-10-03 16:14:30.590,none,https://i.scdn.co/image/ab67616d0000b273f6adcccab88ae18ab07b67d1
Shattered Skies,As the Sea Divides,2021-10-03 16:20:23.259,djent,https://i.scdn.co/image/ab67616d0000b273f6adcccab88ae18ab07b67d1
Absent Distance,Hyperwill Crisis,2021-10-03 16:24:13.987,djent,https://i.scdn.co/image/ab67616d0000b273f6adcccab88ae18ab07b67d1
Aevum Nova,Puerile,2021-10-03 16:28:00.560,instrumental djent,https://i.scdn.co/image/ab67616d0000b273f6adcccab88ae18ab07b67d1
Dire Straits,Calling Elvis,2021-10-03 17:32:18.478,album rock,https://i.scdn.co/image/ab67616d0000b27377491e0e159600ec88f591c0
Shobaleader One,Coopers World,2021-10-03 17:37:48.016,none,https://i.scdn.co/image/ab67616d0000b273404a9ff028582e85e0ca60f9
Shobaleader One,Delta-V,2021-10-03 17:41:53.288,none,https://i.scdn.co/image/ab67616d0000b273404a9ff028582e85e0ca60f9
Shobaleader One,Don't Go Plastic,2021-10-03 17:49:07.868,none,https://i.scdn.co/image/ab67616d0000b273404a9ff028582e85e0ca60f9
Jean-Luc Ponty,Don't Let the World Pass You By,2021-10-03 17:55:32.324,art rock,https://i.scdn.co/image/ab67616d0000b273b5d4374a23ae05bbc834f78d
Shobaleader One,E8 Boogie,2021-10-03 18:02:29.533,none,https://i.scdn.co/image/ab67616d0000b273404a9ff028582e85e0ca60f9
I Monster,Everyone's A Loser,2021-10-03 18:05:45.703,downtempo,https://i.scdn.co/image/ab67616d0000b273a7f5262f1aaa89bc67f69352
Shobaleader One,Journey To Reedham,2021-10-03 18:12:56.874,none,https://i.scdn.co/image/ab67616d0000b273404a9ff028582e85e0ca60f9
Siriusmo,Liu,2021-10-03 18:18:17.794,electronica,https://i.scdn.co/image/ab67616d0000b27386a1b567d44835153f8deb75
Shobaleader One,Megazine,2021-10-03 18:22:50.367,none,https://i.scdn.co/image/ab67616d0000b273404a9ff028582e85e0ca60f9
St. Vincent,The Melting Of The Sun,2021-10-03 18:27:08.457,art pop,https://i.scdn.co/image/ab67616d0000b273bbd97562a9466a1883bc7229
Hiatus Kaiyote,Red Room,2021-10-03 18:31:00.902,australian r&b,https://i.scdn.co/image/ab67616d0000b27303779e10dc45b4dc78fb5302
Osees,Said the Shovel,2021-10-03 18:35:38.819,indie garage rock,https://i.scdn.co/image/ab67616d0000b273ac85287fdf557a68fb576774
Shobaleader One,Squarepusher Theme,2021-10-03 18:43:06.508,none,https://i.scdn.co/image/ab67616d0000b273404a9ff028582e85e0ca60f9
